address,tokenids,
0xf39Fd6e51aad88F6F4ce6aB8827279cffFb92266,0
0x70997970C51812dc3A010C7d01b50e0d17dc79C8,1
0x3C44CdDdB6a900fa2b585dd299e03d12FA4293BC,2
0x5B38Da6a701c568545dCfcB03FcB875f56beddC4,3
0x94a311480027074ABDc988B9Df3618c04931b070,4
0x90F79bf6EB2c4f870365E785982E1f101E93b906,5
0x15d34AAf54267DB7D7c367839AAf71A00a2C6A65,6
0x9965507D1a55bcC2695C58ba16FB37d819B0A4dc,7
0x976EA74026E726554dB657fA54763abd0C3a0aa9,8
0xa0Ee7A142d267C1f36714E4a8F75612F20a79720,9
0x23618e81E3f5cdF7f54C3d65f7FBc0aBf5B21E8f,10
0x14dC79964da2C08b23698B3D3cc7Ca32193d9955,11
0x4e25aec97De40E34F503bf123fCad04Afe02046f,12
0xe917e81c69Bf15238c63abd45d1c335C2fc80bDD,13